{
  "timestamp": "2025-11-07T04:27:44.434868Z",
  "method": "temporal_backdate",
  "cycles_used": 765,
  "time_spread_days": 30,
  "domain_lambdas": {
    "policy_update": {
      "lambda": 0.003781826002255676,
      "r_squared": 0.0005864273475663095,
      "n_samples": 4590,
      "mean_age_days": 14.518422752590174,
      "mean_weight": 0.5
    },
    "artifact_selection": {
      "lambda": 0.0037818260022557297,
      "r_squared": 0.0005864273475663095,
      "n_samples": 4590,
      "mean_age_days": 14.51842281150221,
      "mean_weight": 0.5
    },
    "reward_computation": {
      "lambda": 0.0037818260022557206,
      "r_squared": 0.0005864273475663095,
      "n_samples": 4590,
      "mean_age_days": 14.518422856988321,
      "mean_weight": 0.5
    }
  },
  "victory_gate": {
    "criteria": {
      "n \u2265 80 per site": true,
      "r\u00b2 \u2265 0.70": false,
      "0.001 \u2264 \u03bb \u2264 1.0": true
    },
    "passed": false
  }
}