{
  "density_map": {
    "tool_implementation": 3.999999998250534,
    "sep_proposal": 1.9999999994836528,
    "analysis_report": 1.0,
    "validator": 1.0,
    "schema_design": 1.0,
    "framework": 1.0
  },
  "measurement_times": {
    "tool_implementation": 1761375360.8766987,
    "sep_proposal": 1761375360.876675,
    "analysis_report": 1761375360.8766403,
    "validator": 1761375360.8766415,
    "schema_design": 1761375360.8766625,
    "framework": 1761375360.8766973
  },
  "total_measurements": 10
}