{
  "test_artifact": {
    "strength": 2.999948451227831,
    "last_emission": 1761375204.815011,
    "emission_count": 5
  }
}