{
  "learning_cycle": {
    "strength": 7.999993141335368,
    "last_emission": 1762402090.0884545,
    "emission_count": 10
  }
}